,Time,x,y,z,x_pred,y_pred,z_pred
0,0.0,6.2544436,5.113775,6.735144,6.328212,4.9232006,6.6434774
1,0.01,6.207116,6.373873,6.9107404,6.322676,6.176455,6.871789
2,0.02,6.2829514,7.6115503,7.159467,6.3584785,7.6570497,7.0886855
3,0.03,6.469066,8.846167,7.4884686,6.509164,9.03666,7.3896008
4,0.04,6.7554336,10.092675,7.9089713,6.7571564,10.283164,7.849395
5,0.05,7.1341844,11.361445,8.435726,7.1245923,11.519196,8.446946
6,0.06,7.598947,12.65785,9.086586,7.5946026,12.769292,9.17113
7,0.07,8.144201,13.9816065,9.882061,8.14259,14.052035,10.014285
8,0.08,8.764614,15.325851,10.844695,8.762012,15.340755,11.0009165
9,0.09,9.454344,16.676023,11.998103,9.455521,16.626684,12.169017
10,0.1,10.2063,18.008646,13.36549,10.2207155,17.904911,13.522888
11,0.11,11.01135,19.290192,14.96749,11.032434,19.149578,15.090976
12,0.12,11.857526,20.476362,16.8192,11.891546,20.303902,16.89988
13,0.13,12.7292595,21.512182,18.926386,12.769463,21.333302,18.948864
14,0.14,13.606769,22.333456,21.28105,13.609647,22.166742,21.276138
15,0.15,14.465725,22.870142,23.85684,14.441988,22.801643,23.80563
16,0.16,15.277389,23.052029,26.605139,15.177709,22.977432,26.570936
17,0.17,16.00938,22.816748,29.453028,15.834633,22.742468,29.459972
18,0.18,16.627235,22.119429,32.304485,16.53897,22.28267,32.146328
19,0.19,17.096743,20.942522,35.045864,17.064993,21.095776,34.97499
20,0.2,17.38693,19.303558,37.55596,17.456045,19.414204,37.58339
21,0.21,17.473293,17.258423,39.719563,17.659105,17.37105,39.654785
22,0.22,17.34074,14.898372,41.442135,17.475039,14.956257,41.344166
23,0.23,16.985647,12.340579,42.6623,17.050997,12.37575,42.610077
24,0.24,16.416578,9.713852,43.359062,16.441328,9.726984,43.344543
25,0.25,15.653454,7.142703,43.552048,15.663678,7.1407223,43.54231
26,0.26,14.72536,4.7333894,43.295097,14.848798,4.5495853,43.32119
27,0.27,13.667444,2.5646267,42.665306,13.7648945,2.430436,42.636436
28,0.28,12.517504,0.68410164,41.7505,12.5491085,0.713558,41.74618
29,0.29,11.312832,-0.8898026,40.637905,11.189088,-0.6511304,40.64249
30,0.3,10.087706,-2.1627285,39.40584,10.000225,-1.9294369,39.39679
31,0.31,8.871718,-3.1574738,38.11893,8.82498,-3.009261,38.124477
32,0.32,7.688927,-3.9071662,36.826504,7.6686745,-3.8439424,36.833282
33,0.33,6.557687,-4.449513,35.563366,6.569569,-4.4738007,35.54664
34,0.34,5.490972,-4.8225527,34.35185,5.5462747,-4.8617234,34.30547
35,0.35,4.4970045,-5.061898,33.204456,4.5895996,-5.0751166,33.120502
36,0.36,3.5800176,-5.199219,32.12648,3.6350627,-5.151502,32.02349
37,0.37,2.7410455,-5.2616386,31.118277,2.7658362,-5.1437664,30.996359
38,0.38,1.9786655,-5.2717223,30.177116,2.0078812,-5.177358,30.048008
39,0.39,1.2896497,-5.247822,29.298552,1.322952,-5.1752315,29.155083
40,0.4,0.6695155,-5.204578,28.477388,0.7072509,-5.192478,28.332153
41,0.41,0.11296971,-5.1534843,27.70833,0.1585744,-5.1890464,27.571068
42,0.42,-0.38574034,-5.103429,26.986374,-0.33984584,-5.172273,26.857803
43,0.43,-0.83256,-5.0611873,26.307032,-0.7997195,-5.1502414,26.18806
44,0.44,-1.233429,-5.03185,25.666422,-1.2122676,-5.1334085,25.557142
45,0.45,-1.5941393,-5.019183,25.06131,-1.5808561,-5.1269555,24.963984
46,0.46,-1.920239,-5.0259285,24.489069,-1.9144073,-5.133835,24.40522
47,0.47,-2.2169688,-5.0540442,23.94765,-2.228137,-5.1605377,23.877945
48,0.48,-2.4892278,-5.1049023,23.435524,-2.517256,-5.2076955,23.378908
49,0.49,-2.7415574,-5.179441,22.951618,-2.7866046,-5.276918,22.90689
50,0.5,-2.9781396,-5.27829,22.49528,-3.0482147,-5.379513,22.458586
51,0.51,-3.2028084,-5.40186,22.066223,-3.298183,-5.503532,22.044699
52,0.52,-3.419063,-5.5504165,21.664509,-3.5112793,-5.6561546,21.637894
53,0.53,-3.6300914,-5.7241235,21.2905,-3.7139962,-5.8381076,21.249428
54,0.54,-3.8387887,-5.92308,20.944866,-3.9066408,-6.0333257,20.892246
55,0.55,-4.047783,-6.1473336,20.628553,-4.09987,-6.255784,20.560703
56,0.56,-4.259453,-6.396885,20.342794,-4.2960076,-6.5053573,20.255978
57,0.57,-4.4759493,-6.6716747,20.0891,-4.4953256,-6.778071,19.981726
58,0.58,-4.6992087,-6.971564,19.869263,-4.700233,-7.0747156,19.739042
59,0.59,-4.930965,-7.2962947,19.685364,-4.9136004,-7.396178,19.530666
60,0.6,-5.172755,-7.6454487,19.53977,-5.1335883,-7.709298,19.410997
61,0.61,-5.4259176,-8.018381,19.435135,-5.3650374,-8.047245,19.328575
62,0.62,-5.6915917,-8.414156,19.374393,-5.648235,-8.423309,19.305256
63,0.63,-5.9707003,-8.831456,19.360739,-5.948669,-8.86618,19.302734
64,0.64,-6.2639303,-9.268489,19.397596,-6.258853,-9.317766,19.346657
65,0.65,-6.5717063,-9.722884,19.48857,-6.5941916,-9.779591,19.437164
66,0.66,-6.894154,-10.191574,19.637371,-6.939798,-10.251897,19.584032
67,0.67,-7.231056,-10.670677,19.847715,-7.2826343,-10.714832,19.799955
68,0.68,-7.5818043,-11.155384,20.123186,-7.631951,-11.180653,20.081942
69,0.69,-7.9453387,-11.639849,20.467054,-7.993366,-11.651325,20.427788
70,0.7,-8.320092,-12.117109,20.88206,-8.36573,-12.117359,20.841343
71,0.71,-8.703929,-12.5790415,21.370138,-8.746665,-12.570896,21.325161
72,0.72,-9.094085,-13.016367,21.93212,-9.133128,-13.002884,21.880953
73,0.73,-9.487124,-13.418738,22.567377,-9.516612,-13.389681,22.53096
74,0.74,-9.87891,-13.774923,23.27348,-9.898054,-13.735226,23.249565
75,0.75,-10.264596,-14.073093,24.045822,-10.276814,-14.021799,24.025864
76,0.76,-10.638661,-14.301242,24.87733,-10.645126,-14.231873,24.852459
77,0.77,-10.99498,-14.447734,25.75823,-10.991147,-14.363308,25.72308
78,0.78,-11.326946,-14.501957,26.675959,-11.313769,-14.406362,26.627838
79,0.79,-11.627651,-14.455061,27.615257,-11.601326,-14.341667,27.57107
80,0.8,-11.890118,-14.300712,28.558481,-11.853991,-14.147343,28.544922
81,0.81,-12.107581,-14.035804,29.486156,-12.093604,-13.865927,29.475948
82,0.82,-12.273804,-13.661028,30.377758,-12.269696,-13.559404,30.339762
83,0.83,-12.383409,-13.18122,31.212696,-12.376087,-13.129726,31.163502
84,0.84,-12.432191,-12.605414,31.97141,-12.419271,-12.597588,31.918118
85,0.85,-12.417402,-11.946563,32.636463,-12.388802,-11.961553,32.589718
86,0.86,-12.337951,-11.22091,33.193542,-12.292559,-11.249872,33.15768
87,0.87,-12.194522,-10.447099,33.632236,-12.1317005,-10.480803,33.609486
88,0.88,-11.989578,-9.645063,33.946507,-11.904626,-9.6732,33.93585
89,0.89,-11.727262,-8.834867,34.134773,-11.701856,-8.829266,34.16627
90,0.9,-11.413191,-8.03557,34.19971,-11.42988,-8.020681,34.22731
91,0.91,-11.054173,-7.2642827,34.14769,-11.096258,-7.256768,34.13736
92,0.92,-10.657875,-6.5354505,33.988026,-10.711897,-6.5227733,33.946728
93,0.93,-10.232457,-5.8604274,33.732136,-10.283531,-5.836509,33.676666
94,0.94,-9.78623,-5.247338,33.39264,-9.828068,-5.233848,33.320442
95,0.95,-9.327334,-4.701179,32.98257,-9.363276,-4.671316,32.92159
96,0.96,-8.86347,-4.224125,32.51472,-8.887125,-4.185059,32.466625
97,0.97,-8.401692,-3.8159466,32.001102,-8.413076,-3.7714891,31.961266
98,0.98,-7.9482675,-3.4745026,31.452633,-7.949046,-3.4303255,31.416512
99,0.99,-7.5085874,-3.1962326,30.878935,-7.495776,-3.1482623,30.847452
100,1.0,-7.0871434,-2.9766226,30.288269,-7.057605,-2.9200685,30.262486
101,1.01,-6.687541,-2.8106127,29.687574,-6.6436644,-2.7518568,29.665422
102,1.02,-6.3125477,-2.6929336,29.082565,-6.256659,-2.6375542,29.062843
103,1.03,-5.9641676,-2.6183724,28.477865,-5.898501,-2.570998,28.460094
104,1.04,-5.6437283,-2.5819685,27.877165,-5.5703917,-2.5462143,27.861439
105,1.05,-5.351978,-2.579148,27.283379,-5.2778654,-2.5550153,27.270107
106,1.06,-5.089179,-2.6058092,26.698793,-5.0157924,-2.59512,26.68883
107,1.07,-4.855205,-2.658366,26.125198,-4.7802005,-2.6604648,26.120607
108,1.08,-4.6496253,-2.7337615,25.564005,-4.570805,-2.7472312,25.566902
109,1.09,-4.4717836,-2.829459,25.016342,-4.3896656,-2.8559563,25.027456
110,1.1,-4.320871,-2.9434168,24.483137,-4.2439938,-2.9614668,24.498707
111,1.11,-4.195981,-3.0740552,23.965185,-4.12639,-3.0796287,23.985027
112,1.12,-4.0961666,-3.220216,23.463198,-4.0373974,-3.2143173,23.488497
113,1.13,-4.020478,-3.3811204,22.977848,-3.975414,-3.3642838,23.009613
114,1.14,-3.967998,-3.5563273,22.509813,-3.9378297,-3.528423,22.54868
115,1.15,-3.9378703,-3.7456918,22.059797,-3.923721,-3.706313,22.10625
116,1.16,-3.9293187,-3.9493246,21.628557,-3.9328911,-3.9030745,21.682144
117,1.17,-3.9416616,-4.1675572,21.216932,-3.9642522,-4.1192584,21.277115
118,1.18,-3.9743242,-4.4009037,20.825861,-4.0132446,-4.344568,20.894558
119,1.19,-4.0268416,-4.6500297,20.45641,-4.079935,-4.5732994,20.547281
120,1.2,-4.0988636,-4.915717,20.109781,-4.1500883,-4.8450894,20.19522
121,1.21,-4.190151,-5.1988335,19.787352,-4.2288585,-5.1493497,19.844376
122,1.22,-4.300574,-5.5002956,19.490688,-4.326445,-5.471113,19.517784
123,1.23,-4.4301014,-5.8210344,19.22157,-4.4410415,-5.807651,19.219063
124,1.24,-4.5787945,-6.1619544,18.982008,-4.5736747,-6.1618867,18.948734
125,1.25,-4.7467904,-6.523886,18.774286,-4.725226,-6.536214,18.707853
126,1.26,-4.9342875,-6.9075356,18.600967,-4.8932357,-6.9054346,18.540161
127,1.27,-5.141524,-7.3134203,18.46492,-5.079856,-7.2883286,18.419249
128,1.28,-5.368751,-7.7417984,18.369333,-5.298917,-7.6968994,18.343155
129,1.29,-5.616206,-8.192581,18.317726,-5.572759,-8.148348,18.320435
130,1.3,-5.884075,-8.665237,18.313948,-5.852093,-8.663695,18.31621
131,1.31,-6.1724486,-9.158677,18.362154,-6.17468,-9.177001,18.354813
132,1.32,-6.4812737,-9.671126,18.466778,-6.5153255,-9.7060585,18.448435
133,1.33,-6.8102937,-10.199984,18.632456,-6.853909,-10.224205,18.615023
134,1.34,-7.158984,-10.74167,18.863932,-7.2043567,-10.754856,18.847395
135,1.35,-7.526476,-11.291475,19.165915,-7.573344,-11.294403,19.146597
136,1.36,-7.9114723,-11.843406,19.542881,-7.9594493,-11.83746,19.517044
137,1.37,-8.312164,-12.390058,19.998823,-8.3580475,-12.369787,19.974949
138,1.38,-8.726136,-12.92252,20.536936,-8.762236,-12.871094,20.543293
139,1.39,-9.150282,-13.430345,21.159225,-9.178898,-13.364273,21.166973
140,1.4,-9.580721,-13.901603,21.866087,-9.601618,-13.8264,21.87225
141,1.41,-10.012745,-14.323055,22.655815,-10.023945,-14.247145,22.667194
142,1.42,-10.440782,-14.680477,23.524134,-10.442107,-14.605768,23.540003
143,1.43,-10.858405,-14.959147,24.463726,-10.847685,-14.868654,24.477331
144,1.44,-11.258406,-15.144519,25.463894,-11.235815,-15.040247,25.47581
145,1.45,-11.632914,-15.22306,26.510351,-11.599386,-15.107939,26.516644
146,1.46,-11.973612,-15.183222,27.585266,-11.932982,-15.066414,27.561382
147,1.47,-12.272011,-15.016473,28.667604,-12.225057,-14.897856,28.61359
148,1.48,-12.519805,-14.718283,29.733784,-12.480644,-14.559393,29.69482
149,1.49,-12.709274,-14.288939,30.758701,-12.6930485,-14.165438,30.708649
150,1.5,-12.833717,-13.734076,31.717018,-12.825053,-13.688807,31.646116
151,1.51,-12.887871,-13.064779,32.584637,-12.874985,-13.077011,32.51059
152,1.52,-12.868279,-12.29723,33.340195,-12.841332,-12.344128,33.27553
153,1.53,-12.77357,-11.451859,33.96642,-12.727051,-11.514832,33.91936
154,1.54,-12.604601,-10.5521145,34.451153,-12.5376425,-10.6183815,34.424732
155,1.55,-12.364466,-9.622937,34.787952,-12.2769165,-9.680654,34.781857
156,1.56,-12.058346,-8.689177,34.976162,-12.040907,-8.705118,35.020367
157,1.57,-11.693226,-7.7740846,35.0205,-11.71005,-7.801821,35.027206
158,1.58,-11.277513,-6.8980856,34.930237,-11.31976,-6.925466,34.898438
159,1.59,-10.8205805,-6.0779076,34.71813,-10.874682,-6.0923195,34.654102
160,1.6,-10.332307,-5.3261294,34.3992,-10.373656,-5.3384748,34.32371
161,1.61,-9.822621,-4.6511197,33.98958,-9.855785,-4.6447797,33.92512
162,1.62,-9.30111,-4.0573,33.50547,-9.326551,-4.03883,33.455086
163,1.63,-8.776697,-3.545645,32.962334,-8.78679,-3.5131173,32.923428
164,1.64,-8.257408,-3.114315,32.374313,-8.254101,-3.0750048,32.340103
165,1.65,-7.750221,-2.7593362,31.75389,-7.7318897,-2.7134356,31.722988
166,1.66,-7.2609954,-2.4752572,31.111734,-7.221915,-2.4139824,31.08572
167,1.67,-6.7944674,-2.2557352,30.45672,-6.7374115,-2.187792,30.432402
168,1.68,-6.354296,-2.0940285,29.79604,-6.2868257,-2.025751,29.771244
169,1.69,-5.943147,-1.9833813,29.13539,-5.8771544,-1.9214971,29.11092
170,1.7,-5.562801,-1.9173126,28.479183,-5.4973474,-1.8639922,28.455101
171,1.71,-5.2142735,-1.8898127,27.830776,-5.1462855,-1.8432989,27.808792
172,1.72,-4.8979397,-1.8954661,27.192667,-4.822693,-1.8506489,27.175909
173,1.73,-4.6136556,-1.9295162,26.566696,-4.534143,-1.8879156,26.555248
174,1.74,-4.3608713,-1.9878845,25.954193,-4.278817,-1.950633,25.948578
175,1.75,-4.138733,-2.0671594,25.35612,-4.0544,-2.0409007,25.356895
176,1.76,-3.9461741,-2.1645627,24.773172,-3.860008,-2.1574166,24.780785
177,1.77,-3.781995,-2.277903,24.20587,-3.6940527,-2.2914946,24.221136
178,1.78,-3.6449275,-2.4055235,23.654615,-3.5595443,-2.4288054,23.675924
179,1.79,-3.5336895,-2.5462465,23.119759,-3.4568388,-2.5629723,23.14449
180,1.8,-3.4470308,-2.6993182,22.601624,-3.3786166,-2.7096598,22.630432
181,1.81,-3.383766,-2.8643577,22.100548,-3.3231468,-2.864853,22.136429
182,1.82,-3.3428025,-3.041309,21.616907,-3.2903903,-3.0313623,21.660622
183,1.83,-3.323161,-3.230398,21.151133,-3.2790287,-3.209068,21.203178
184,1.84,-3.3239877,-3.432092,20.703733,-3.293577,-3.399358,20.765245
185,1.85,-3.344566,-3.6470668,20.275318,-3.3326013,-3.60272,20.347107
186,1.86,-3.3843198,-3.8761756,19.866602,-3.3931599,-3.8310134,19.94696
187,1.87,-3.442817,-4.1204195,19.478437,-3.4734933,-4.0734806,19.567156
188,1.88,-3.5197673,-4.3809233,19.111832,-3.571531,-4.323685,19.217926
189,1.89,-3.6150208,-4.658908,18.767962,-3.6573775,-4.6207356,18.851841
190,1.9,-3.7285612,-4.9556656,18.44821,-3.7576149,-4.9373283,18.505077
191,1.91,-3.860499,-5.272533,18.154184,-3.8759148,-5.272977,18.182295
192,1.92,-4.0110626,-5.6108584,17.887747,-4.011642,-5.6272917,17.886038
193,1.93,-4.180586,-5.9719667,17.651049,-4.164038,-5.9994273,17.619373
194,1.94,-4.369494,-6.3571153,17.446564,-4.335321,-6.393949,17.38308
195,1.95,-4.5782866,-6.767441,17.277117,-4.5225015,-6.778134,17.23381
196,1.96,-4.8075147,-7.203894,17.145922,-4.729609,-7.1864824,17.121044
197,1.97,-5.0577564,-7.6671615,17.056606,-4.9958487,-7.6748824,17.042976
198,1.98,-5.3295817,-8.157568,17.01324,-5.304044,-8.207365,16.991344
199,1.99,-5.6235166,-8.674964,17.020346,-5.634526,-8.743014,16.992193
200,2.0,-5.9399943,-9.218582,17.082895,-5.9853806,-9.301308,17.046661
201,2.01,-6.279297,-9.786883,17.206291,-6.332905,-9.857415,17.17588
202,2.02,-6.641489,-10.377371,17.396297,-6.6975513,-10.432329,17.36988
203,2.03,-7.026337,-10.98639,17.658957,-7.0848784,-11.026327,17.631836
204,2.04,-7.4332166,-11.608908,18.00042,-7.490903,-11.625915,17.982365
205,2.05,-7.8610086,-12.238296,18.426735,-7.910397,-12.219196,18.430876
206,2.06,-8.307983,-12.866121,18.943542,-8.350329,-12.819864,18.95311
207,2.07,-8.771681,-13.48198,19.555676,-8.806032,-13.415475,19.57062
208,2.08,-9.248783,-14.073391,20.266674,-9.272798,-13.996656,20.294426
209,2.09,-9.735,-14.625807,21.078196,-9.749009,-14.545391,21.111616
210,2.1,-10.224972,-15.122779,21.98936,-10.22916,-15.045858,22.02251
211,2.11,-10.712205,-15.546327,22.996048,-10.699744,-15.476995,23.023445
212,2.12,-11.189063,-15.877545,24.090221,-11.164798,-15.79844,24.104763
213,2.13,-11.646827,-16.097498,25.25937,-11.610896,-16.012035,25.262081
214,2.14,-12.075849,-16.188364,26.486149,-12.02812,-16.097801,26.481567
215,2.15,-12.465813,-16.134798,27.748358,-12.405849,-16.03746,27.74472
216,2.16,-12.806103,-15.925422,29.01936,-12.735907,-15.823388,29.007864
217,2.17,-13.08628,-15.554245,30.269,-13.011324,-15.455523,30.215967
218,2.18,-13.296642,-15.021873,31.465038,-13.264787,-14.896143,31.38546
219,2.19,-13.428818,-14.336243,32.57503,-13.418918,-14.326719,32.464413
220,2.2,-13.476348,-13.512737,33.568443,-13.46191,-13.575108,33.46023
221,2.21,-13.435194,-12.573577,34.418823,-13.4076605,-12.682657,34.32783
222,2.22,-13.304091,-11.546486,35.105656,-13.25268,-11.670392,35.04468
223,2.23,-13.084729,-10.462779,35.61573,-13.008381,-10.583236,35.588177
224,2.24,-12.781695,-9.355107,35.943775,-12.70718,-9.447778,35.959236
225,2.25,-12.402223,-8.255166,36.092278,-12.38398,-8.341479,36.10365
226,2.26,-11.955739,-7.1916485,36.070667,-11.980458,-7.2807784,36.04333
227,2.27,-11.453296,-6.1886845,35.89387,-11.499005,-6.2604403,35.829483
228,2.28,-10.906927,-5.264891,35.580654,-10.946235,-5.326987,35.496166
229,2.29,-10.329011,-4.433046,35.151833,-10.358196,-4.466217,35.088074
230,2.3,-9.731689,-3.700306,34.628708,-9.754711,-3.7122009,34.582813
231,2.31,-9.12638,-3.0688462,34.031757,-9.131606,-3.0553563,33.99997
232,2.32,-8.523417,-2.5367386,33.37971,-8.511909,-2.5064664,33.352795
233,2.33,-7.9318104,-2.0989385,32.68899,-7.9008946,-2.0519767,32.664707
234,2.34,-7.3591166,-1.7482492,31.973455,-7.306037,-1.7143011,31.948347
235,2.35,-6.8114233,-1.4761853,31.24441,-6.754719,-1.4386935,31.220615
236,2.36,-6.2933974,-1.2736924,30.510794,-6.238286,-1.2366471,30.484695
237,2.37,-5.8083963,-1.1317044,29.77945,-5.7542977,-1.1011257,29.749222
238,2.38,-5.358611,-1.0415492,29.055456,-5.3019857,-1.0074282,29.024414
239,2.39,-4.9452295,-0.99521816,28.342457,-4.886633,-0.95836514,28.31138
240,2.4,-4.5686035,-0.9855264,27.64297,-4.5077205,-0.951055,27.612362
241,2.41,-4.22841,-1.0061874,26.958649,-4.1650467,-0.97797054,26.929497
242,2.42,-3.9238038,-1.051826,26.290522,-3.8578327,-1.032584,26.264088
243,2.43,-3.6535509,-1.1179478,25.639164,-3.5849211,-1.1093841,25.616856
244,2.44,-3.4161475,-1.2008829,25.004839,-3.3448455,-1.203814,24.988111
245,2.45,-3.2099211,-1.2977133,24.387617,-3.135968,-1.3122127,24.37788
246,2.46,-3.033113,-1.4061937,23.787447,-2.9565399,-1.4317222,23.786037
247,2.47,-2.8839486,-1.5246731,23.204214,-2.8047945,-1.5601902,23.212347
248,2.48,-2.7606895,-1.6520174,22.637787,-2.6789856,-1.6960969,22.656544
249,2.49,-2.661678,-1.78754,22.088043,-2.5775692,-1.8282261,22.118952
250,2.5,-2.5853674,-1.9309385,21.554892,-2.5059376,-1.9616673,21.594574
251,2.51,-2.530346,-2.0822394,21.038286,-2.4568617,-2.107121,21.08629
252,2.52,-2.4953523,-2.2417498,20.538239,-2.4284556,-2.2612998,20.594456
253,2.53,-2.4792864,-2.410018,20.05483,-2.4195883,-2.4244602,20.119038
254,2.54,-2.4812157,-2.5877998,19.588217,-2.4293106,-2.597104,19.660084
255,2.55,-2.5003772,-2.7760303,19.13864,-2.4557462,-2.7780418,19.218746
256,2.56,-2.5361767,-2.9758027,18.706444,-2.4998162,-2.9671047,18.796864
257,2.57,-2.5881877,-3.1883488,18.292078,-2.5621865,-3.1689265,18.392319
258,2.58,-2.6561482,-3.415026,17.896122,-2.645442,-3.3899279,18.005737
259,2.59,-2.7399552,-3.6573036,17.5193,-2.7511723,-3.6293623,17.640207
260,2.6,-2.8396604,-3.916752,17.162502,-2.8673284,-3.8927896,17.282675
261,2.61,-2.9554646,-4.195032,16.826807,-2.9755273,-4.1931987,16.922964
262,2.62,-3.0877116,-4.493882,16.51351,-3.1007574,-4.5204687,16.580673
263,2.63,-3.2368805,-4.815103,16.224165,-3.2386968,-4.86227,16.263506
264,2.64,-3.403579,-5.160539,15.960605,-3.3908765,-5.2221417,15.972143
265,2.65,-3.5885334,-5.5320535,15.724999,-3.558643,-5.6023736,15.708678
266,2.66,-3.7925777,-5.931492,15.519893,-3.743828,-6.003657,15.480195
267,2.67,-4.0166397,-6.360638,15.34825,-3.944936,-6.4034333,15.332077
268,2.68,-4.2617226,-6.8211565,15.21352,-4.172397,-6.9031444,15.1821
269,2.69,-4.528885,-7.3145094,15.11968,-4.4907255,-7.4319224,15.080274
270,2.7,-4.8192096,-7.8418627,15.071292,-4.8317523,-7.982227,15.023723
271,2.71,-5.1337667,-8.403956,15.07355,-5.180746,-8.555057,15.025322
272,2.72,-5.47357,-9.000949,15.132317,-5.5289493,-9.137793,15.096036
273,2.73,-5.8395147,-9.632225,15.254136,-5.9024186,-9.752586,15.225886
274,2.74,-6.232307,-10.2961645,15.446226,-6.2986965,-10.394605,15.42302
275,2.75,-6.652371,-10.989875,15.716417,-6.71075,-11.040955,15.725268
276,2.76,-7.099742,-11.708878,16.07303,-7.1515365,-11.710646,16.103676
277,2.77,-7.5739355,-12.446777,16.524681,-7.617908,-12.396578,16.580019
278,2.78,-8.073797,-13.194904,17.079958,-8.110187,-13.12594,17.151638
279,2.79,-8.597335,-13.941975,17.746986,-8.627241,-13.868465,17.817368
280,2.8,-9.141531,-14.6738,18.532835,-9.159784,-14.590549,18.603466
281,2.81,-9.702159,-15.373106,19.442745,-9.706236,-15.278529,19.515312
282,2.82,-10.273599,-16.019527,20.479204,-10.260855,-15.912053,20.558588
283,2.83,-10.848688,-16.589874,21.640898,-10.808598,-16.464123,21.735538
284,2.84,-11.418625,-17.05874,22.921574,-11.351553,-16.916378,23.020653
285,2.85,-11.97296,-17.399557,24.308979,-11.910299,-17.301182,24.339275
286,2.86,-12.499717,-17.5861,25.784002,-12.432946,-17.526217,25.759527
287,2.87,-12.985652,-17.594458,27.320232,-12.911861,-17.551945,27.267303
288,2.88,-13.416716,-17.405329,28.884148,-13.331626,-17.371765,28.826828
289,2.89,-13.778675,-17.0064,30.436127,-13.679295,-16.969421,30.399166
290,2.9,-14.05791,-16.394533,31.93234,-13.950033,-16.357944,31.881851
291,2.91,-14.242306,-15.5773115,33.327507,-14.204518,-15.562576,33.177963
292,2.92,-14.322171,-14.573627,34.578205,-14.309883,-14.699678,34.40109
293,2.93,-14.29106,-13.41303,35.646416,-14.270918,-13.618414,35.49546
294,2.94,-14.146395,-12.133808,36.502666,-14.100113,-12.366647,36.399883
295,2.95,-13.889791,-10.779995,37.128376,-13.811581,-11.005232,37.0824
296,2.96,-13.527032,-9.397734,37.51694,-13.435862,-9.5873995,37.529163
297,2.97,-13.067695,-8.031536,37.67349,-13.029809,-8.229404,37.65633
298,2.98,-12.524463,-6.721009,37.61336,-12.541102,-6.907715,37.559467
299,2.99,-11.912247,-5.4984493,37.35973,-11.956011,-5.657475,37.267044
300,3.0,-11.247196,-4.387524,36.940742,-11.274632,-4.509903,36.870907
301,3.01,-10.545748,-3.4030242,36.3867,-10.563003,-3.479222,36.3514
302,3.02,-9.823775,-2.5515082,35.72761,-9.828696,-2.5859363,35.71066
303,3.03,-9.095914,-1.8325548,34.991318,-9.079304,-1.8381748,34.982433
304,3.04,-8.375094,-1.2403208,34.202305,-8.339891,-1.2853312,34.189564
305,3.05,-7.672262,-0.76515174,33.381115,-7.6297755,-0.78824824,33.372967
306,3.06,-6.996279,-0.3950591,32.544228,-6.9567037,-0.4014549,32.53156
307,3.07,-6.3539605,-0.1169573,31.70434,-6.3190994,-0.11694808,31.680927
308,3.08,-5.7502155,0.08237996,30.87081,-5.7157965,0.108705804,30.83623
309,3.09,-5.1882486,0.21563675,30.050207,-5.1493936,0.26114967,30.006176
310,3.1,-4.669798,0.29451185,29.246891,-4.6272664,0.34634903,29.193558
311,3.11,-4.19538,0.32946855,28.463518,-4.149878,0.3772476,28.402058
312,3.12,-3.764533,0.32962978,27.701494,-3.7167022,0.36531332,27.633747
313,3.13,-3.3760345,0.3027755,26.961348,-3.3350308,0.32587698,26.889118
314,3.14,-3.028101,0.25540742,26.243015,-2.9996145,0.26512673,26.16842
315,3.15,-2.7185578,0.19285318,25.54606,-2.7006333,0.18514471,25.471537
316,3.16,-2.4449823,0.11939116,24.869833,-2.4273574,0.10610132,24.805288
317,3.17,-2.2048202,0.03838117,24.21357,-2.1849623,0.01976804,24.162
318,3.18,-1.9954798,-0.047607217,23.576487,-1.9714148,-0.07008286,23.537943
319,3.19,-1.8144054,-0.1366746,22.957806,-1.78562,-0.16372652,22.932697
320,3.2,-1.6591314,-0.2274829,22.356794,-1.6256554,-0.2602093,22.34555
321,3.21,-1.5273223,-0.31915906,21.772776,-1.4892218,-0.35814974,21.775717
322,3.22,-1.4168015,-0.41121155,21.205133,-1.3741624,-0.45665452,21.222475
323,3.23,-1.3255678,-0.5034595,20.653313,-1.2784765,-0.5552382,20.685177
324,3.24,-1.2518063,-0.5959731,20.116814,-1.200335,-0.6537451,20.163254
325,3.25,-1.193891,-0.68902475,19.595198,-1.1380847,-0.7522728,19.656202
326,3.26,-1.1503853,-0.7830498,19.088066,-1.090256,-0.85113686,19.16359
327,3.27,-1.1200367,-0.8786152,18.595074,-1.0555577,-0.95082384,18.685032
328,3.28,-1.1017721,-0.97639567,18.115915,-1.0356987,-1.0440578,18.218616
329,3.29,-1.0946882,-1.0771561,17.650326,-1.0285397,-1.1348808,17.764729
330,3.3,-1.0980451,-1.1817387,17.19808,-1.0315344,-1.2290004,17.324112
331,3.31,-1.1112564,-1.2910564,16.758991,-1.0440977,-1.3271612,16.896538
332,3.32,-1.1338818,-1.4060874,16.33292,-1.066612,-1.4347999,16.481201
333,3.33,-1.1656191,-1.5278753,15.9197645,-1.0994072,-1.5563648,16.07749
334,3.34,-1.2062973,-1.6575307,15.519477,-1.1409285,-1.6851196,15.686353
335,3.35,-1.2558709,-1.7962356,15.13206,-1.191135,-1.8221812,15.307742
336,3.36,-1.3144149,-1.9452487,14.757584,-1.2501034,-1.9687388,14.941661
337,3.37,-1.3821207,-2.1059139,14.396186,-1.3189652,-2.1258657,14.588222
338,3.38,-1.4592942,-2.279668,14.048089,-1.4064348,-2.2945006,14.247865
339,3.39,-1.5463536,-2.4680507,13.713613,-1.5063682,-2.4763443,13.921712
340,3.4,-1.6438291,-2.6727135,13.393191,-1.6153977,-2.675771,13.610594
341,3.41,-1.7523637,-2.895431,13.087394,-1.7251525,-2.9136732,13.288668
342,3.42,-1.872714,-3.1381094,12.796946,-1.8313172,-3.1869,12.959175
343,3.43,-2.0057533,-3.4027946,12.522765,-1.9604656,-3.4810765,12.655725
344,3.44,-2.152473,-3.6916797,12.265989,-2.1038005,-3.8040733,12.364909
345,3.45,-2.3139863,-4.0071077,12.02802,-2.2621958,-4.154607,12.08938
346,3.46,-2.4915307,-4.3515716,11.810571,-2.4332614,-4.523122,11.840932
347,3.47,-2.6864703,-4.7277064,11.6157255,-2.606393,-4.952412,11.600019
348,3.48,-2.9002962,-5.1382747,11.446001,-2.8052633,-5.3818645,11.416516
349,3.49,-3.134626,-5.5861382,11.304426,-3.0674772,-5.843598,11.262403
350,3.5,-3.391198,-6.0742164,11.194626,-3.379625,-6.3552384,11.150311
351,3.51,-3.6718643,-6.605423,11.120924,-3.6958349,-6.895556,11.083076
352,3.52,-3.9785733,-7.182573,11.0884495,-4.0108128,-7.451817,11.07388
353,3.53,-4.313347,-7.8082604,11.1032505,-4.354904,-8.055035,11.108233
354,3.54,-4.6782436,-8.484687,11.1724205,-4.7177615,-8.668089,11.224761
355,3.55,-5.0753083,-9.213435,11.304212,-5.137057,-9.40291,11.31647
356,3.56,-5.5064993,-9.995182,11.508141,-5.5746627,-10.173756,11.50221
357,3.57,-5.973596,-10.829322,11.795056,-6.0386252,-10.995071,11.796285
358,3.58,-6.478069,-11.713506,12.177157,-6.52256,-11.802446,12.254969
359,3.59,-7.02092,-12.6430855,12.667912,-7.040644,-12.65302,12.8167715
360,3.6,-7.6024747,-13.610452,13.281841,-7.600983,-13.554361,13.479932
361,3.61,-8.222132,-14.604304,14.034116,-8.216199,-14.549963,14.197726
362,3.62,-8.878061,-15.608872,14.939882,-8.869551,-15.533991,15.062722
363,3.63,-9.56686,-16.603163,16.013266,-9.555313,-16.501987,16.0926
364,3.64,-10.283173,-17.560366,17.265982,-10.263882,-17.437363,17.304987
365,3.65,-11.019308,-18.44756,18.705528,-10.986246,-18.307915,18.713129
366,3.66,-11.764884,-19.225948,20.332993,-11.710519,-19.074808,20.325932
367,3.67,-12.506568,-19.851871,22.1406,-12.437578,-19.740894,22.084469
368,3.68,-13.227984,-20.278837,24.109262,-13.137201,-20.267609,23.941591
369,3.69,-13.909879,-20.460705,26.20656,-13.8061495,-20.479012,26.013918
370,3.7,-14.530623,-20.356012,28.385695,-14.367914,-20.347137,28.281918
371,3.71,-15.067141,-19.933136,30.586037,-14.940427,-20.085487,30.361042
372,3.72,-15.496228,-19.175598,32.735744,-15.36244,-19.3699,32.524864
373,3.73,-15.796247,-18.086586,34.756634,-15.640724,-18.271824,34.63757
374,3.74,-15.948986,-16.691563,36.571014,-15.883026,-16.91491,36.3578
375,3.75,-15.941474,-15.038054,38.1095,-15.928959,-15.489733,37.79681
376,3.76,-15.767435,-13.192182,39.318504,-15.735926,-13.722172,39.099316
377,3.77,-15.428136,-11.232313,40.165882,-15.341639,-11.757233,40.050297
378,3.78,-14.932445,-9.240897,40.643543,-14.797634,-9.740201,40.58656
379,3.79,-14.296087,-7.296056,40.766624,-14.229862,-7.769446,40.701305
380,3.8,-13.54022,-5.464485,40.569576,-13.544083,-5.881825,40.47481
381,3.81,-12.689583,-3.796762,40.100224,-12.71327,-4.1490135,40.04444
382,3.82,-11.770504,-2.3254724,39.41316,-11.775246,-2.5666866,39.429943
383,3.83,-10.80906,-1.0658962,38.56364,-10.803338,-1.2747121,38.60892
384,3.84,-9.829556,-0.018528374,37.60291,-9.797354,-0.25075337,37.657234
385,3.85,-8.853459,0.82742685,36.57517,-8.830392,0.6760219,36.627735
386,3.86,-7.898767,1.4903691,35.516197,-7.8643594,1.4379973,35.552464
387,3.87,-6.979784,1.9929694,34.453247,-6.9597383,2.0122886,34.452976
388,3.88,-6.107201,2.3594875,33.405792,-6.0816903,2.4363976,33.368
389,3.89,-5.2883883,2.6138246,32.38676,-5.257419,2.7243967,32.308567
390,3.9,-4.527809,2.7782557,31.403893,-4.5258045,2.9219968,31.283834
391,3.91,-3.8274934,2.8727186,30.461065,-3.8570647,3.0334847,30.301682
392,3.92,-3.1875067,2.9145148,29.559425,-3.2437024,3.076167,29.365597
393,3.93,-2.60639,2.9182942,28.698322,-2.6856182,3.0679278,28.474962
394,3.94,-2.0815525,2.8962088,27.87602,-2.1643045,3.0527227,27.642975
395,3.95,-1.609604,2.8581645,27.090204,-1.6903582,3.0198932,26.85495
396,3.96,-1.1866312,2.8121107,26.338346,-1.2653117,2.9710004,26.103374
397,3.97,-0.8084194,2.7643344,25.617935,-0.8851902,2.9144113,25.38529
398,3.98,-0.47062582,2.7197406,24.92661,-0.5458204,2.8567345,24.697853
399,3.99,-0.16891065,2.682105,24.262249,-0.2380895,2.8117082,24.042435
400,4.0,0.10096679,2.6542976,23.622988,0.03765779,2.7753851,23.41306
401,4.01,0.34308082,2.6384752,23.007229,0.2846561,2.749387,22.807093
402,4.02,0.56129557,2.6362455,22.413633,0.513949,2.736644,22.235325
403,4.03,0.7592395,2.6488047,21.841099,0.7215627,2.738399,21.68302
404,4.04,0.94029444,2.677051,21.288734,0.910971,2.756004,21.149117
405,4.05,1.1075953,2.7216814,20.755842,1.0854847,2.7904887,20.632915
406,4.06,1.2640384,2.7832654,20.2419,1.2473986,2.8410585,20.139221
407,4.07,1.4122953,2.862311,19.74654,1.3980951,2.9071152,19.67035
408,4.08,1.5548307,2.959313,19.26955,1.542377,2.9928293,19.218746
409,4.09,1.6939224,3.0747943,18.810854,1.6786013,3.0960398,18.783749
410,4.1,1.8316845,3.2093377,18.37052,1.8123136,3.2194624,18.36607
411,4.11,1.970089,3.363609,17.94876,1.9469035,3.36645,17.96558
412,4.12,2.1109884,3.5383768,17.545933,2.081312,3.53287,17.582304
413,4.13,2.2561374,3.7345243,17.162569,2.2187505,3.7205067,17.217527
414,4.14,2.4072142,3.9530573,16.799376,2.3735392,3.919525,16.86612
415,4.15,2.565838,4.1951075,16.457258,2.553929,4.154061,16.524815
416,4.16,2.7335892,4.46193,16.137352,2.7570713,4.419971,16.164745
417,4.17,2.9120216,4.754896,15.841051,2.9672072,4.703372,15.819539
418,4.18,3.1026773,5.075481,15.570039,3.1739087,4.994622,15.494263
419,4.19,3.307096,5.425239,15.326334,3.410778,5.362037,15.227792
420,4.2,3.5268216,5.8057766,15.112338,3.6491811,5.761568,15.021716
421,4.21,3.7634048,6.2187076,14.930883,3.9066393,6.194518,14.8475275
422,4.22,4.0184007,6.665597,14.785289,4.1899314,6.6589212,14.69674
423,4.23,4.293359,7.1478868,14.67942,4.4727592,7.171411,14.586083
424,4.24,4.589811,7.666799,14.617752,4.737046,7.7092466,14.529948
425,4.25,4.909241,8.223211,14.605417,5.0041404,8.266299,14.5284815
426,4.26,5.2530556,8.817505,14.648262,5.315631,8.905846,14.566534
427,4.27,5.622529,9.44937,14.752876,5.646426,9.574192,14.663746
428,4.28,6.0187445,10.117574,14.9265995,6.0393233,10.2258835,14.848261
429,4.29,6.442508,10.819687,15.177492,6.4562335,10.867444,15.157781
430,4.3,6.894248,11.551758,15.514237,6.879622,11.5475025,15.562139
431,4.31,7.373886,12.307955,15.945979,7.342234,12.293556,16.01434
432,4.32,7.8806925,13.080181,16.482035,7.850439,13.092035,16.51167
433,4.33,8.413108,13.857675,17.131493,8.384104,13.868369,17.133537
434,4.34,8.968556,14.626658,17.902634,8.933124,14.621511,17.892004
435,4.35,9.543237,15.370061,18.802177,9.505381,15.342543,18.788906
436,4.36,10.131921,16.06741,19.834333,10.091617,16.015985,19.823433
437,4.37,10.727771,16.694971,20.999693,10.686653,16.621517,20.997944
438,4.38,11.322199,17.226248,22.293991,11.28013,17.126354,22.315243
439,4.39,11.9048195,17.632925,23.706879,11.854837,17.500336,23.768364
440,4.4,12.463506,17.886335,25.220839,12.407803,17.736345,25.305298
441,4.41,12.984622,17.95946,26.81049,12.942286,17.812443,26.910448
442,4.42,13.453434,17.82935,28.442488,13.448273,17.680649,28.527323
443,4.43,13.854731,17.4798,30.07631,13.901567,17.320269,30.145496
444,4.44,14.173637,16.903889,31.665998,14.282598,16.71525,31.738588
445,4.45,14.396569,16.105997,33.16293,14.464622,15.916351,33.322826
446,4.46,14.512246,15.102847,34.51935,14.547234,14.928556,34.67159
447,4.47,14.512642,13.923205,35.692284,14.5093975,13.713844,35.778885
448,4.48,14.393752,12.6061535,36.64726,14.360069,12.431806,36.69504
449,4.49,14.156049,11.198038,37.36117,14.0947,11.067923,37.37734
450,4.5,13.804568,9.748544,37.823917,13.702601,9.635229,37.811573
451,4.51,13.348585,8.306495,38.03845,13.20891,8.198679,37.99233
452,4.52,12.800938,6.916038,38.019394,12.639278,6.873953,37.942505
453,4.53,12.177095,5.613725,37.79054,12.021563,5.5964847,37.705032
454,4.54,11.494093,4.4268007,37.3817,11.333088,4.375399,37.251415
455,4.55,10.769463,3.372724,36.82555,10.597421,3.3844578,36.685314
456,4.56,10.020275,2.4597483,36.154774,9.9125185,2.4845302,36.04974
457,4.57,9.262368,1.68824,35.399883,9.195551,1.6856248,35.306656
458,4.58,8.509796,1.0523926,34.587795,8.46398,1.0234454,34.497208
459,4.59,7.774495,0.5420309,33.74109,7.7511635,0.5011676,33.642773
460,4.6,7.066157,0.14428048,32.87785,7.066669,0.107051656,32.764885
461,4.61,6.3922515,-0.1550269,32.011955,6.423433,-0.16073151,31.886055
462,4.62,5.758173,-0.37026638,31.153551,5.807874,-0.36173555,31.03257
463,4.63,5.167457,-0.5152447,30.30969,5.2352705,-0.482496,30.189865
464,4.64,4.6220374,-0.6026992,29.484966,4.6797566,-0.5367362,29.372665
465,4.65,4.122515,-0.6440165,28.682093,4.1669774,-0.5778424,28.584639
466,4.66,3.6684215,-0.64911693,27.902422,3.7102754,-0.60783285,27.821865
467,4.67,3.2584596,-0.6264539,27.146347,3.2968419,-0.6292967,27.067608
468,4.68,2.8907194,-0.5830884,26.413633,2.9281816,-0.62214416,26.337559
469,4.69,2.562864,-0.5248076,25.703655,2.6005085,-0.5923855,25.631996
470,4.7,2.2722836,-0.4562645,25.015568,2.310043,-0.5478887,24.949043
471,4.71,2.0162227,-0.38112447,24.348436,2.0539975,-0.49301264,24.287838
472,4.72,1.7918819,-0.3022075,23.7013,1.8295536,-0.4312229,23.647425
473,4.73,1.5964948,-0.22162136,23.073235,1.6339288,-0.36518833,23.026814
474,4.74,1.4273874,-0.14088152,22.463373,1.4644444,-0.29692194,22.425064
475,4.75,1.2820202,-0.06101716,21.870913,1.3185554,-0.22789164,21.841278
476,4.76,1.1580173,0.017337061,21.29513,1.190775,-0.16115232,21.274097
477,4.77,1.0531842,0.09386297,20.735367,1.0821502,-0.095216945,20.72333
478,4.78,0.96551764,0.16849345,20.191034,0.9911166,-0.030145843,20.188366
479,4.79,0.8932086,0.24135846,19.661596,0.91581017,0.033910554,19.668583
480,4.8,0.83464026,0.3127411,19.146574,0.8524055,0.10303812,19.162212
481,4.81,0.7883825,0.38304263,18.645527,0.79844886,0.18017535,18.668196
482,4.82,0.75318414,0.45275518,18.158058,0.756103,0.25601795,18.187998
483,4.83,0.7279633,0.52244073,17.683802,0.72447544,0.3316801,17.721085
484,4.84,0.71179754,0.59271616,17.222422,0.70365673,0.4101396,17.26667
485,4.85,0.70391285,0.6642424,16.773611,0.69218403,0.4903989,16.825432
486,4.86,0.7036737,0.7377179,16.337091,0.6899808,0.57425886,16.397518
487,4.87,0.71057326,0.8138755,15.912601,0.69527906,0.6603957,15.981631
488,4.88,0.72422415,0.8934812,15.499912,0.7076549,0.7496403,15.577482
489,4.89,0.7443505,0.97733647,15.098817,0.7268005,0.84286517,15.184814
490,4.9,0.7707809,1.0662814,14.709136,0.7525218,0.9409798,14.803401
491,4.91,0.8034421,1.1612003,14.330722,0.7841287,1.0405543,14.431684
492,4.92,0.8423545,1.2630277,13.963457,0.8220133,1.1454649,14.070386
493,4.93,0.8876281,1.3727561,13.607263,0.86649746,1.2581503,13.719771
494,4.94,0.9394602,1.4914459,13.262102,0.9189479,1.3829157,13.380101
495,4.95,0.9981338,1.6202333,12.927987,0.9784879,1.5177388,13.050973
496,4.96,1.0640172,1.7603426,12.604987,1.0428406,1.6597545,12.73404
497,4.97,1.1375648,1.9130961,12.29324,1.1110023,1.8065181,12.437563
498,4.98,1.2193191,2.0799272,11.99296,1.1883131,1.9745078,12.154062
499,4.99,1.3099129,2.2623918,11.704457,1.2756348,2.1645577,11.881272
500,5.0,1.4100734,2.462182,11.428154,1.3867425,2.4050515,11.581509
501,5.01,1.5206269,2.681138,11.164602,1.5044712,2.6572945,11.292394
502,5.02,1.6425037,2.9212615,10.9145155,1.6451904,2.9178114,11.0091305
503,5.03,1.7767444,3.184727,10.678794,1.8122052,3.1788096,10.732673
504,5.04,1.9245061,3.4738913,10.458566,1.9840045,3.4577534,10.467795
505,5.05,2.0870695,3.7913027,10.255231,2.1495242,3.7441533,10.245767
506,5.06,2.2658453,4.1397033,10.070509,2.3435748,4.1033936,10.076043
507,5.07,2.46238,4.522027,9.906509,2.5587254,4.49842,9.926793
508,5.08,2.6783612,4.941391,9.765802,2.7990892,4.9272313,9.790943
509,5.09,2.9156203,5.40107,9.651504,3.0468676,5.3938556,9.685433
510,5.1,3.1761332,5.904462,9.567379,3.2985365,5.9050198,9.60939
511,5.11,3.4620132,6.455025,9.517961,3.5579708,6.474172,9.56704
512,5.12,3.7755022,7.0561905,9.508675,3.833281,7.1173854,9.551953
513,5.13,4.1189485,7.7112317,9.545989,4.158167,7.837097,9.559848
514,5.14,4.4947743,8.423091,9.637568,4.5408444,8.587568,9.617748
515,5.15,4.9054246,9.194133,9.792431,4.9445357,9.37133,9.746975
516,5.16,5.353298,10.025827,10.0211,5.3853803,10.198797,9.970128
517,5.17,5.8406434,10.918328,10.335729,5.8588214,11.058597,10.319677
518,5.18,6.3694263,11.869942,10.750163,6.3731027,11.923834,10.815281
519,5.19,6.9411488,12.876468,11.279919,6.922744,12.864428,11.421441
520,5.2,7.556616,13.930405,11.942001,7.5358014,13.872156,12.112203
521,5.21,8.215649,15.020035,12.754498,8.20278,14.920425,12.93449
522,5.22,8.916722,16.12842,13.735864,8.904927,15.990227,13.92047
523,5.23,9.656554,17.2324,14.903799,9.643194,17.068087,15.080851
524,5.24,10.429633,18.301718,16.273613,10.416994,18.134722,16.424173
525,5.25,11.227724,19.298487,17.856031,11.206547,19.129927,17.97988
526,5.26,12.039404,20.177296,19.654457,12.00653,20.024876,19.747066
527,5.27,12.849689,20.886269,21.661808,12.833477,20.795345,21.686588
528,5.28,13.639861,21.36946,23.857273,13.565145,21.307842,23.844503
529,5.29,14.387618,21.5708,26.203554,14.2712965,21.492317,26.197447
530,5.3,15.067656,21.439634,28.645319,14.922889,21.412537,28.608994
531,5.31,15.652787,20.937422,31.109755,15.6065645,21.059444,30.977894
532,5.32,16.115618,20.044718,33.50993,16.086075,20.106293,33.48543
533,5.33,16.430676,18.767067,35.751244,16.505354,18.798553,35.774612
534,5.34,16.576797,17.138262,37.740494,16.713778,17.154139,37.771584
535,5.35,16.539408,15.219652,39.396187,16.660772,15.250574,39.350086
536,5.36,16.312298,13.095026,40.658154,16.354452,13.059567,40.620285
537,5.37,15.89856,10.861705,41.494366,15.902021,10.844099,41.467503
538,5.38,15.310463,8.619553,41.903374,15.271521,8.562855,41.886852
539,5.39,14.568297,6.4601655,41.912086,14.519564,6.4257836,41.898045
540,5.4,13.698377,4.4583554,41.569607,13.760225,4.2843704,41.54752
541,5.41,12.730604,2.667216,40.93889,12.724537,2.5780604,40.860573
542,5.42,11.695981,1.1170264,40.088085,11.614347,1.241862,40.03589
543,5.43,10.62441,-0.18268012,39.08318,10.496414,0.0132296495,39.039654
544,5.44,9.543011,-1.2390426,37.982773,9.461281,-1.1149781,37.935802
545,5.45,8.475035,-2.0710094,36.83522,8.443379,-1.9696076,36.77978
546,5.46,7.4393353,-2.7046504,35.677795,7.4323316,-2.656895,35.63078
547,5.47,6.450312,-3.169231,34.537308,6.4698167,-3.1425781,34.478806
548,5.48,5.5181756,-3.4942832,33.431564,5.5728326,-3.4665248,33.356754
549,5.49,4.6494236,-3.7076607,32.37117,4.7364774,-3.6541202,32.276524
550,5.5,3.8474147,-3.8344164,31.361341,3.9019177,-3.7281616,31.26265
551,5.51,3.1129615,-3.8963053,30.4035,3.146193,-3.7491667,30.301826
552,5.52,2.444893,-3.911707,29.496584,2.4814813,-3.7877574,29.39936
553,5.53,1.8405561,-3.8958125,28.638063,1.8796363,-3.8019938,28.533833
554,5.54,1.2962471,-3.8609471,27.824648,1.3366075,-3.8082602,27.702057
555,5.55,0.80756456,-3.816954,27.052803,0.84703785,-3.8032687,26.927368
556,5.56,0.36969358,-3.7715807,26.319063,0.41529137,-3.791711,26.209072
557,5.57,-0.022373294,-3.7308455,25.620222,0.02890592,-3.775736,25.525398
558,5.58,-0.37366945,-3.6993632,24.953438,-0.31717056,-3.761712,24.873478
559,5.59,-0.6891323,-3.6806314,24.316273,-0.6278781,-3.7546089,24.250782
560,5.6,-0.973518,-3.6772716,23.706686,-0.9110066,-3.7575705,23.655289
561,5.61,-1.2313459,-3.691234,23.123024,-1.1776416,-3.772061,23.085508
562,5.62,-1.466865,-3.7239647,22.563984,-1.4217632,-3.802563,22.539562
563,5.63,-1.684039,-3.776544,22.028585,-1.6475036,-3.8507268,22.016365
564,5.64,-1.886544,-3.8497987,21.516138,-1.857034,-3.9149835,21.516655
565,5.65,-2.0777767,-3.944391,21.026213,-2.0525177,-3.9940217,21.04116
566,5.66,-2.2608683,-4.06089,20.558628,-2.242224,-4.101877,20.585878
567,5.67,-2.438704,-4.1998277,20.113428,-2.4387333,-4.235531,20.153072
568,5.68,-2.613945,-4.361736,19.690882,-2.64004,-4.3963037,19.741385
569,5.69,-2.7890508,-4.54718,19.291475,-2.842366,-4.5815196,19.350872
570,5.7,-2.966304,-4.7567773,18.915926,-3.0185435,-4.814072,18.955044
571,5.71,-3.1478305,-4.991203,18.565186,-3.1924574,-5.064988,18.583931
572,5.72,-3.3356216,-5.251192,18.240458,-3.37128,-5.340063,18.236765
573,5.73,-3.5315516,-5.537531,17.94322,-3.5516167,-5.630892,17.919123
574,5.74,-3.7373927,-5.8510375,17.675251,-3.7418003,-5.9496446,17.627201
575,5.75,-3.9548268,-6.1925335,17.438652,-3.940797,-6.2915215,17.366096
576,5.76,-4.1854534,-6.5628033,17.23588,-4.1522326,-6.661483,17.13551
577,5.77,-4.430789,-6.962542,17.069788,-4.3744426,-7.0252595,16.994884
578,5.78,-4.6922665,-7.392287,16.943647,-4.6149364,-7.45653,16.872639
579,5.79,-4.971221,-7.8523316,16.861177,-4.926744,-7.952947,16.79358
580,5.8,-5.2688737,-8.342624,16.826576,-5.275152,-8.463203,16.753277
581,5.81,-5.5863028,-8.8626375,16.844526,-5.6269355,-8.99202,16.772007
582,5.82,-5.9244046,-9.411224,16.920189,-5.987508,-9.5354805,16.852573
583,5.83,-6.283844,-9.986439,17.059175,-6.3515635,-10.092968,17.001928
584,5.84,-6.6649904,-10.585337,17.267485,-6.7333474,-10.669975,17.217636
585,5.85,-7.0678415,-11.203763,17.551388,-7.1371865,-11.268185,17.503149
586,5.86,-7.491932,-11.83611,17.91726,-7.5542617,-11.861521,17.89632
587,5.87,-7.9362264,-12.475092,18.37133,-7.9900937,-12.465663,18.363329
588,5.88,-8.399005,-13.111515,18.919357,-8.44488,-13.072322,18.917187
589,5.89,-8.877737,-13.734115,19.566185,-8.913,-13.675953,19.579193
590,5.9,-9.368957,-14.329454,20.315216,-9.39325,-14.260418,20.34024
591,5.91,-9.868144,-14.881959,21.167772,-9.880785,-14.80822,21.199383
592,5.92,-10.369632,-15.374119,22.122387,-10.371616,-15.304412,22.153074
593,5.93,-10.866549,-15.786922,23.174065,-10.85068,-15.723686,23.195602
594,5.94,-11.3508215,-16.100557,24.313581,-11.323611,-16.029211,24.319326
595,5.95,-11.813261,-16.295399,25.526917,-11.774126,-16.218494,25.52047
596,5.96,-12.243745,-16.353285,26.794947,-12.192499,-16.271797,26.781927
597,5.97,-12.631515,-16.258995,28.093504,-12.567641,-16.17058,28.083445
598,5.98,-12.965594,-16.001822,29.393932,-12.89159,-15.90909,29.375057
599,5.99,-13.235312,-15.577055,30.664192,-13.1565895,-15.486801,30.603748
600,6.0,-13.4309025,-14.98715,31.870495,-13.402243,-14.893667,31.775684
601,6.01,-13.544138,-14.242368,32.979378,-13.533931,-14.261677,32.85995
602,6.02,-13.568929,-13.360705,33.95999,-13.5530815,-13.449987,33.847683
603,6.03,-13.501821,-12.367042,34.78633,-13.468577,-12.494303,34.697407
604,6.04,-13.342324,-11.29154,35.439106,-13.284071,-11.428326,35.38392
605,6.05,-13.09304,-10.167487,35.906963,-13.008921,-10.294837,35.887672
606,6.06,-12.759541,-9.02886,36.186924,-12.706415,-9.117761,36.218792
607,6.07,-12.350035,-7.9079404,36.28398,-12.343501,-8.008538,36.281116
608,6.08,-11.87486,-6.833281,36.20999,-11.909545,-6.931042,36.16629
609,6.09,-11.345842,-5.8282456,35.98206,-11.394785,-5.9006443,35.904602
610,6.1,-10.775621,-4.9102144,35.62069,-10.809313,-4.9700046,35.53879
611,6.11,-10.17699,-4.090445,35.147953,-10.202854,-4.121633,35.09334
612,6.12,-9.562312,-3.3744733,34.58591,-9.57855,-3.3814054,34.54759
613,6.13,-8.943057,-2.7628968,33.95535,-8.940471,-2.7446816,33.92818
614,6.14,-8.329461,-2.2523668,33.27495,-8.308774,-2.2160747,33.251274
615,6.15,-7.730317,-1.8366379,32.560818,-7.688839,-1.8025794,32.53734
616,6.16,-7.152889,-1.5075592,31.826336,-7.096803,-1.4786122,31.803627
617,6.17,-6.6029162,-1.2559357,31.082245,-6.54889,-1.2227836,31.058304
618,6.18,-6.0846963,-1.0722232,30.336887,-6.0320315,-1.0418599,30.30885
619,6.19,-5.6012135,-0.94705486,29.596542,-5.5483575,-0.91842836,29.56477
620,6.2,-5.154301,-0.8716079,28.865767,-5.099692,-0.83646744,28.833122
621,6.21,-4.7448144,-0.8378384,28.14775,-4.6880636,-0.8023936,28.11438
622,6.22,-4.372806,-0.8386089,27.444622,-4.3136487,-0.8077323,27.411303
623,6.23,-4.037689,-0.86773586,26.757717,-3.9759676,-0.845025,26.725632
624,6.24,-3.7383907,-0.91998094,26.087795,-3.6740272,-0.9078919,26.058365
625,6.25,-3.4734855,-0.99100435,25.43522,-3.4064548,-0.9909753,25.40997
626,6.26,-3.2413113,-1.0772954,24.800095,-3.171631,-1.0899122,24.78054
627,6.27,-3.0400674,-1.1760918,24.182344,-2.9677765,-1.201215,24.169958
628,6.28,-2.8678935,-1.2852948,23.581814,-2.7930465,-1.3222001,23.57795
629,6.29,-2.7229362,-1.4033864,22.9983,-2.645589,-1.4508913,23.004192
630,6.3,-2.6033983,-1.5293512,22.431599,-2.5192287,-1.5784457,22.452063
631,6.31,-2.5075788,-1.6626055,21.881521,-2.4186246,-1.7091391,21.916172
632,6.32,-2.4339013,-1.8029345,21.347923,-2.3480065,-1.8312013,21.392817
633,6.33,-2.3809342,-1.9504373,20.830706,-2.3009722,-1.9736893,20.884182
634,6.34,-2.3474052,-2.105481,20.329828,-2.2739804,-2.124149,20.391815
635,6.35,-2.3322093,-2.268661,19.845318,-2.2658947,-2.2828925,19.915638
636,6.36,-2.3344133,-2.4407704,19.377277,-2.2757711,-2.4504726,19.45564
637,6.37,-2.353256,-2.6227732,18.925896,-2.302844,-2.6276405,19.011894
638,6.38,-2.3881485,-2.8157837,18.491447,-2.3445795,-2.8118637,18.586487
639,6.39,-2.4386706,-3.0210516,18.074322,-2.4052713,-3.0069945,18.179655
640,6.4,-2.5045667,-3.2399483,17.67502,-2.4819987,-3.2146828,17.790104
641,6.41,-2.5857415,-3.4739568,17.294186,-2.583947,-3.4506686,17.417603
642,6.42,-2.6822553,-3.7246637,16.932613,-2.704025,-3.6991165,17.066563
643,6.43,-2.7943177,-3.99375,16.591282,-2.81231,-3.987715,16.700882
644,6.44,-2.9222832,-4.282983,16.271374,-2.9332347,-4.3048873,16.353516
645,6.45,-3.066644,-4.5942025,15.974314,-3.0706906,-4.6437325,16.02676
646,6.46,-3.228024,-4.92931,15.701802,-3.2184072,-4.9942737,15.727521
647,6.47,-3.40717,-5.290244,15.4558525,-3.3819268,-5.366596,15.453801
648,6.48,-3.6049438,-5.678954,15.238843,-3.5614288,-5.761114,15.208608
649,6.49,-3.822309,-6.097361,15.053565,-3.7571697,-6.157063,15.034971
650,6.5,-4.0603175,-6.5473065,14.903276,-3.9673073,-6.632754,14.8715725
651,6.51,-4.3200893,-7.0304837,14.791761,-4.2642565,-7.1528974,14.753116
652,6.52,-4.602789,-7.5483475,14.723388,-4.604159,-7.698121,14.674296
653,6.53,-4.909591,-8.102001,14.703164,-4.9505177,-8.265508,14.652588
654,6.54,-5.241643,-8.69205,14.736787,-5.293957,-8.844847,14.697959
655,6.55,-5.600007,-9.318423,14.830677,-5.6612616,-9.455622,14.801572
656,6.56,-5.985598,-9.98015,14.991988,-6.0513735,-10.095493,14.970038
657,6.57,-6.399096,-10.675102,15.2285795,-6.4586625,-10.745493,15.236205
658,6.58,-6.8408465,-11.399683,15.548937,-6.893859,-11.416567,15.582707
659,6.59,-7.3107347,-12.148483,15.962013,-7.356422,-12.107973,16.020838
660,6.6,-7.8080387,-12.913909,16.476973,-7.852758,-12.87287,16.53265
661,6.61,-8.331263,-13.685797,17.102808,-8.370016,-13.640156,17.156292
662,6.62,-8.877945,-14.451059,17.8478,-8.905682,-14.39575,17.899303
663,6.63,-9.444463,-15.193406,18.718803,-9.459581,-15.128094,18.767687
664,6.64,-10.025823,-15.893212,19.720356,-10.02604,-15.81707,19.769203
665,6.65,-10.615484,-16.527617,20.853601,-10.597676,-16.438845,20.90942
666,6.66,-11.205212,-17.070957,22.115107,-11.155566,-16.955772,22.187233
667,6.67,-11.785007,-17.495617,23.495647,-11.702625,-17.345596,23.588257
668,6.68,-12.343156,-17.77339,24.979122,-12.270476,-17.684132,24.990116
669,6.69,-12.866418,-17.877348,26.541796,-12.79102,-17.83237,26.49619
670,6.7,-13.340405,-17.784155,28.152115,-13.258424,-17.759977,28.080893
671,6.71,-13.750155,-17.476648,29.7713,-13.655131,-17.459164,29.70723
672,6.72,-14.080901,-16.946371,31.35491,-13.970383,-16.920181,31.324299
673,6.73,-14.318979,-16.195648,32.855377,-14.235526,-16.153385,32.774517
674,6.74,-14.452827,-15.238786,34.225353,-14.428496,-15.313908,34.039497
675,6.75,-14.473926,-14.1020355,35.4215,-14.457912,-14.293197,35.243763
676,6.76,-14.377588,-12.822139,36.408184,-14.346191,-13.072107,36.27151
677,6.77,-14.163473,-11.443567,37.160465,-14.099506,-11.698394,37.083557
678,6.78,-13.835728,-10.0148115,37.665943,-13.737935,-10.244326,37.651054
679,6.79,-13.402747,-8.584287,37.9251,-13.337915,-8.805222,37.91573
680,6.8,-12.876577,-7.1964984,37.950184,-12.867233,-7.4107213,37.908558
681,6.81,-12.272033,-5.8889956,37.76297,-12.309677,-6.0746074,37.68461
682,6.82,-11.605674,-4.6904626,37.39177,-11.6364765,-4.8474765,37.306293
683,6.83,-10.894754,-3.6200142,36.8683,-10.913944,-3.7244766,36.826912
684,6.84,-10.156254,-2.6875744,36.224842,-10.166219,-2.7461007,36.206833
685,6.85,-9.406076,-1.8950362,35.491943,-9.393379,-1.9059384,35.487705
686,6.86,-8.658475,-1.237878,34.696877,-8.629673,-1.2942128,34.687824
687,6.87,-7.9256716,-0.706923,33.86279,-7.885295,-0.74767417,33.85883
688,6.88,-7.217698,-0.29001048,33.008446,-7.1806693,-0.3082609,33.000996
689,6.89,-6.542388,0.02657142,32.14839,-6.5066266,0.024113934,32.129253
690,6.9,-5.9054966,0.2569535,31.293413,-5.872551,0.2841442,31.260109
691,6.91,-5.310901,0.4148621,30.451132,-5.2730775,0.46668842,30.406597
692,6.92,-4.760846,0.5130716,29.626612,-4.7189584,0.57507306,29.57062
693,6.93,-4.2562075,0.563084,28.822954,-4.2110124,0.6234699,28.756508
694,6.94,-3.7967498,0.5749814,28.04181,-3.7489393,0.6245182,27.966717
695,6.95,-3.381372,0.55740124,27.283802,-3.348086,0.5996557,27.201597
696,6.96,-3.0083232,0.51759386,26.548868,-2.9887903,0.54686314,26.462093
697,6.97,-2.6753917,0.46152923,25.8365,-2.6675646,0.47308663,25.747776
698,6.98,-2.3800652,0.39402938,25.145947,-2.3715427,0.40270403,25.067198
699,6.99,-2.1196616,0.31891066,24.476324,-2.1090672,0.32253316,24.409643
700,7.0,-1.8914331,0.23912421,23.826717,-1.8787234,0.23463707,23.772934
701,7.01,-1.6926497,0.15688825,23.196226,-1.6778452,0.1422327,23.156002
702,7.02,-1.5206602,0.0738088,22.584,-1.5033016,0.048856538,22.55766
703,7.03,-1.3729382,-0.009013322,21.98925,-1.3513811,-0.041135985,21.976559
704,7.04,-1.2471136,-0.0908894,21.41126,-1.2215271,-0.13049074,21.412472
705,7.05,-1.140993,-0.1714633,20.849379,-1.1115525,-0.2185144,20.864653
706,7.06,-1.0525712,-0.25064453,20.30302,-1.0194452,-0.304862,20.332424
707,7.07,-0.9800357,-0.32855293,19.77166,-0.9433779,-0.38947222,19.815199
708,7.08,-0.9217663,-0.40547347,19.254822,-0.8817021,-0.47249433,19.312443
709,7.09,-0.8763303,-0.48182014,18.752075,-0.8329548,-0.55426186,18.823689
710,7.1,-0.8424763,-0.55810785,18.263033,-0.7958433,-0.6352357,18.348524
711,7.11,-0.8191245,-0.6349308,17.787338,-0.76924795,-0.7159775,17.88658
712,7.12,-0.80535793,-0.71294665,17.324675,-0.75220555,-0.7971403,17.437517
713,7.13,-0.8004118,-0.79286575,16.874748,-0.7445249,-0.87770385,17.000708
714,7.14,-0.80366415,-0.87544423,16.437298,-0.7476322,-0.95259386,16.574717
715,7.15,-0.8146262,-0.96148056,16.01209,-0.7582213,-1.0303342,16.160856
716,7.16,-0.83293355,-1.0518152,15.598921,-0.77592367,-1.1116403,15.75891
717,7.17,-0.8583387,-1.1473321,15.197617,-0.80048865,-1.1972734,15.368679
718,7.18,-0.8907041,-1.2489632,14.808036,-0.83228487,-1.2909038,14.989615
719,7.19,-0.9299963,-1.3576934,14.430076,-0.8722846,-1.399079,14.6208315
720,7.2,-0.97628194,-1.4745682,14.063672,-0.91911024,-1.5146916,14.263321
721,7.21,-1.0297236,-1.6007015,13.708808,-0.97292274,-1.638798,13.917031
722,7.22,-1.0905787,-1.737285,13.365523,-1.0339776,-1.7725362,13.581956
723,7.23,-1.1591972,-1.8855993,13.033918,-1.102622,-1.9171251,13.2581415
724,7.24,-1.2360226,-2.0470233,12.714169,-1.1824273,-2.0757105,12.945708
725,7.25,-1.3215926,-2.223048,12.406536,-1.2790475,-2.2474272,12.645121
726,7.26,-1.4165413,-2.415286,12.111386,-1.3854047,-2.434868,12.358705
727,7.27,-1.521603,-2.6254864,11.829207,-1.482871,-2.6716545,12.043617
728,7.28,-1.637615,-2.8555443,11.560633,-1.5784674,-2.9268591,11.740031
729,7.29,-1.7655227,-3.1075149,11.306467,-1.7014215,-3.2045722,11.458822
730,7.3,-1.9063859,-3.3836205,11.067724,-1.8391243,-3.5118232,11.188718
731,7.31,-2.061383,-3.6862614,10.845663,-1.9911863,-3.8465734,10.931956
732,7.32,-2.2318175,-4.018019,10.641837,-2.155231,-4.2515006,10.664584
733,7.33,-2.4191236,-4.3816566,10.458147,-2.3254466,-4.6647954,10.4468
734,7.34,-2.62487,-4.780111,10.296914,-2.5311875,-5.0703354,10.268334
735,7.35,-2.8507638,-5.2164755,10.160951,-2.7917979,-5.521054,10.125609
736,7.36,-3.0986502,-5.6939697,10.053656,-3.089636,-6.02311,10.018022
737,7.37,-3.3705096,-6.21589,9.979117,-3.3853123,-6.538999,9.959161
738,7.38,-3.668448,-6.7855334,9.942229,-3.69162,-7.0866137,9.946655
739,7.39,-3.9946811,-7.406092,9.948828,-4.021704,-7.6619744,9.989947
740,7.4,-4.351506,-8.0805025,10.005825,-4.39806,-8.327852,10.0289545
741,7.41,-4.741261,-8.811241,10.121365,-4.7955976,-9.048801,10.130606
742,7.42,-5.166264,-9.600049,10.30496,-5.223368,-9.818682,10.310946
743,7.43,-5.6287284,-10.447577,10.567624,-5.665917,-10.584714,10.662352
744,7.44,-6.130648,-11.352929,10.92195,-6.1412325,-11.400561,11.10615
745,7.45,-6.6736445,-12.313085,11.382125,-6.679539,-12.353636,11.556956
746,7.46,-7.2587676,-13.322212,11.963816,-7.260234,-13.36218,12.1135845
747,7.47,-7.886243,-14.370853,12.6838875,-7.887082,-14.377943,12.804116
748,7.48,-8.555163,-15.445011,13.559854,-8.5469,-15.410069,13.646519
749,7.49,-9.263118,-16.52521,14.608991,-9.250028,-16.45839,14.649377
750,7.5,-10.00577,-17.585604,15.847024,-9.993568,-17.50112,15.829137
751,7.51,-10.7764015,-18.593328,17.286304,-10.766549,-18.501675,17.204739
752,7.52,-11.565454,-19.508299,18.933462,-11.550568,-19.409592,18.79503
753,7.53,-12.360134,-20.283764,20.786617,-12.324814,-20.183458,20.624647
754,7.54,-13.144156,-20.86794,22.83234,-13.072838,-20.771973,22.689674
755,7.55,-13.89773,-21.207012,25.042797,-13.789204,-21.213478,24.818367
756,7.56,-14.5978985,-21.24959,27.373676,-14.47814,-21.334763,27.095903
757,7.57,-15.219352,-20.952507,29.763676,-15.0455475,-21.037281,29.575
758,7.58,-15.73574,-20.287329,32.13627,-15.597018,-20.536562,31.847965
759,7.59,-16.121479,-19.24652,34.404278,-15.970916,-19.52951,34.16937
760,7.6,-16.353907,-17.847904,36.477158,-16.212133,-18.093458,36.330708
761,7.61,-16.415512,-16.13607,38.2702,-16.388084,-16.604813,37.921314
762,7.62,-16.2959,-14.179797,39.714054,-16.276703,-14.788822,39.413406
763,7.63,-15.993132,-12.06555,40.762726,-15.926838,-12.702029,40.583138
764,7.64,-15.514162,-9.888091,41.39821,-15.370908,-10.502594,41.305702
765,7.65,-14.874283,-7.7400727,41.63085,-14.777305,-8.321827,41.557377
766,7.66,-14.095658,-5.702683,41.49559,-14.071758,-6.2147336,41.40848
767,7.67,-13.205233,-3.839019,41.045166,-13.227847,-4.287336,40.981037
768,7.68,-12.232374,-2.1909652,40.342056,-12.236629,-2.5066295,40.370827
769,7.69,-11.206616,-0.77943814,39.45076,-11.198981,-1.0612919,39.5183
770,7.7,-10.155762,0.39284417,38.431683,-10.128184,0.09791951,38.5124
771,7.71,-9.104512,1.3371842,37.337093,-9.073828,1.154577,37.416576
772,7.72,-8.073649,2.0743625,36.209213,-8.038509,2.0145936,36.264812
773,7.73,-7.079712,2.6304893,35.07997,-7.0658174,2.637242,35.08326
774,7.74,-6.1350603,3.0336607,33.9719,-6.11447,3.1096067,33.928665
775,7.75,-5.248211,3.3115475,32.899635,-5.2373953,3.4376175,32.80507
776,7.76,-4.424323,3.489849,31.871609,-4.4525776,3.6592658,31.72472
777,7.77,-3.6657503,3.591446,30.891687,-3.727078,3.7808173,30.696407
778,7.78,-2.972597,3.6360686,29.960573,-3.0626197,3.8261828,29.721764
779,7.79,-2.3432322,3.6403081,29.076927,-2.4538043,3.829336,28.804638
780,7.8,-1.7747462,3.61783,28.238232,-1.8826697,3.8281696,27.95617
781,7.81,-1.2633333,3.5796962,27.441395,-1.3685796,3.7974472,27.152569
782,7.82,-0.8046094,3.5347233,26.683165,-0.90433687,3.7550302,26.392776
783,7.83,-0.3938626,3.4898407,25.9604,-0.48365444,3.7139525,25.674622
784,7.84,-0.02624749,3.4504235,25.270212,-0.10735602,3.6722844,24.990198
785,7.85,0.30306864,3.4205892,24.610054,0.23176247,3.6365561,24.340557
786,7.86,0.5988001,3.4034553,23.977741,0.5437756,3.6120374,23.732315
787,7.87,0.86547005,3.4013593,23.371452,0.8248158,3.6018105,23.148466
788,7.88,1.1073633,3.416043,22.7897,1.0749454,3.5945718,22.598818
789,7.89,1.3285005,3.4488049,22.231316,1.3027267,3.605862,22.072073
790,7.9,1.5326265,3.5006258,21.695414,1.5122867,3.6378791,21.56606
791,7.91,1.7232124,3.572272,21.18136,1.7072248,3.6916025,21.080284
792,7.92,1.9034646,3.6643753,20.68876,1.8872299,3.766501,20.613476
793,7.93,2.076341,3.7775004,20.217434,2.0577595,3.8662176,20.165485
794,7.94,2.24457,3.9121943,19.767406,2.219685,3.9827454,19.737606
795,7.95,2.4106743,4.0690255,19.338905,2.3784316,4.122586,19.329868
796,7.96,2.5769916,4.248612,18.932358,2.546601,4.2758603,18.938082
797,7.97,2.7456996,4.451639,18.5484,2.7293816,4.439301,18.56139
798,7.98,2.9188383,4.678872,18.187891,2.923019,4.6536136,18.202236
799,7.99,3.0983295,4.9311557,17.851923,3.1302044,4.9000616,17.8499
800,8.0,3.2859964,5.2094088,17.541853,3.346907,5.164631,17.489325
801,8.01,3.4835796,5.514611,17.259317,3.5585415,5.4382606,17.154837
802,8.02,3.6927488,5.847779,17.006275,3.8072622,5.797356,16.873426
803,8.03,3.915112,6.209933,16.785036,4.046656,6.1778245,16.6613
804,8.04,4.1522202,6.6020503,16.598293,4.301914,6.589286,16.480947
805,8.05,4.405565,7.0250077,16.449173,4.5817904,7.032953,16.32892
806,8.06,4.6765714,7.479503,16.341265,4.8562684,7.5169606,16.217403
807,8.07,4.9665837,7.9659615,16.278658,5.126369,8.038623,16.153677
808,8.08,5.2768393,8.484418,16.265972,5.3931127,8.571319,16.14608
809,8.09,5.6084385,9.034374,16.308369,5.6721535,9.127138,16.193752
810,8.1,5.962295,9.61463,16.411556,5.9895396,9.764727,16.290085
811,8.11,6.339082,10.2230835,16.581741,6.32739,10.416105,16.447237
812,8.12,6.739153,10.856504,16.825573,6.745015,11.007328,16.711046
813,8.13,7.1624575,11.510283,17.150002,7.193544,11.598397,17.068062
814,8.14,7.6084337,12.1781645,17.56209,7.6234117,12.228428,17.526167
815,8.15,8.075887,12.851974,18.068722,8.068714,12.849203,18.088211
816,8.16,8.562856,13.521375,18.67621,8.537532,13.461933,18.744278
817,8.17,9.066467,14.173674,19.389797,9.027172,14.067983,19.493637
818,8.18,9.582799,14.793727,20.213015,9.540283,14.664844,20.323875
819,8.19,10.106741,15.3639965,21.14695,10.063614,15.217407,21.262339
820,8.2,10.631895,15.864826,22.189415,10.591027,15.705118,22.310322
821,8.21,11.150521,16.274988,23.334105,11.119978,16.11897,23.451885
822,8.22,11.653553,16.572554,24.569796,11.640275,16.428843,24.677341
823,8.23,12.130713,16.73611,25.879763,12.138904,16.595718,25.968508
824,8.24,12.570752,16.746286,27.241497,12.606389,16.590532,27.31298
825,8.25,12.961815,16.587507,28.626923,13.034002,16.4123,28.686392
826,8.26,13.29195,16.249798,30.003195,13.408573,16.046543,30.06039
827,8.27,13.549732,15.730411,31.334171,13.618147,15.531134,31.458622
828,8.28,13.724962,15.035011,32.58247,13.729355,14.8241415,32.80573
829,8.29,13.809381,14.178148,33.71198,13.808321,13.995425,33.86207
830,8.3,13.797314,13.182859,34.69051,13.753189,12.961494,34.78989
831,8.31,13.686182,12.079335,35.492252,13.621046,11.915585,35.550194
832,8.32,13.476787,10.902782,36.099655,13.385218,10.779413,36.119987
833,8.33,13.173338,9.690757,36.504467,13.043377,9.587373,36.49148
834,8.34,12.783218,8.480322,36.707817,12.619152,8.397974,36.65519
835,8.35,12.316505,7.3054523,36.719315,12.127714,7.272998,36.61954
836,8.36,11.785313,6.1949797,36.555458,11.560387,6.2441716,36.46214
837,8.37,11.203042,5.1712904,36.237583,10.976896,5.2273808,36.10527
838,8.38,10.583615,4.24982,35.78971,10.3669,4.190695,35.62416
839,8.39,9.940767,3.43926,35.23654,9.81772,3.3559124,35.10719
840,8.4,9.287454,2.7422943,34.60184,9.218025,2.6842692,34.493847
841,8.41,8.6354065,2.156677,33.907276,8.590923,2.1001847,33.813652
842,8.42,7.994838,1.6764363,33.171707,7.9695935,1.611326,33.079693
843,8.43,7.3742876,1.2930583,32.410908,7.369016,1.2294896,32.314495
844,8.44,6.7805915,0.9965401,31.637573,6.795634,0.944228,31.532955
845,8.45,6.2189484,0.7762578,30.86156,6.25423,0.7438057,30.74685
846,8.46,5.6930485,0.6216303,30.090263,5.7510285,0.62399036,29.96603
847,8.47,5.2052455,0.5225922,29.328999,5.2792587,0.5510219,29.204258
848,8.48,4.75675,0.46989998,28.58144,4.821196,0.52046186,28.469027
849,8.49,4.3478246,0.45530498,27.849977,4.4071326,0.47536448,27.758497
850,8.5,3.9779725,0.4716248,27.13605,4.033764,0.4574249,27.058407
851,8.51,3.6461136,0.51274335,26.440403,3.6990142,0.45652655,26.36746
852,8.52,3.3507376,0.57356256,25.763315,3.4021153,0.4824312,25.695436
853,8.53,3.0900395,0.64992505,25.104744,3.1410048,0.5299311,25.042511
854,8.54,2.862032,0.73852164,24.46446,2.913483,0.5947402,24.408545
855,8.55,2.6646388,0.8367934,23.842123,2.7173023,0.6734331,23.793228
856,8.56,2.4957705,0.94283515,23.237343,2.550229,0.7633286,23.196144
857,8.57,2.3533828,1.0553044,22.64973,2.4085896,0.86666113,22.615974
858,8.58,2.2355223,1.1733385,22.078909,2.2844489,0.99840146,22.048985
859,8.59,2.1403596,1.2964811,21.524544,2.183559,1.1363015,21.498991
860,8.6,2.0662124,1.4246182,20.986343,2.1041853,1.279849,20.965607
861,8.61,2.011563,1.557924,20.464073,2.0440657,1.4237804,20.446878
862,8.62,1.9750658,1.6968149,19.957554,2.0020986,1.5704186,19.943165
863,8.63,1.9555535,1.8419133,19.46667,1.9774408,1.7230244,19.45508
864,8.64,1.952038,1.9940172,18.991365,1.9700363,1.8849249,18.982742
865,8.65,1.9637085,2.1540773,18.531662,1.9740028,2.0410523,18.535149
866,8.66,1.9899284,2.32318,18.087654,1.9920642,2.2035952,18.104351
867,8.67,2.030231,2.5025332,17.659521,2.024087,2.374935,17.689636
868,8.68,2.0843153,2.6934595,17.247536,2.0712583,2.566434,17.293066
869,8.69,2.1520388,2.8973887,16.85208,2.1332357,2.7784796,16.914698
870,8.7,2.2334146,3.1158555,16.473654,2.2057552,2.998084,16.553555
871,8.71,2.3286057,3.3504963,16.112906,2.2915018,3.234355,16.209044
872,8.72,2.4379191,3.6030483,15.7706375,2.3932633,3.5022151,15.880637
873,8.73,2.561804,3.8753471,15.447849,2.5349128,3.7843702,15.558048
874,8.74,2.7008452,4.169323,15.145756,2.7109585,4.0847964,15.214948
875,8.75,2.8557603,4.4869933,14.865827,2.8955667,4.3933225,14.88094
876,8.76,3.0273943,4.8304534,14.60983,3.0854695,4.713601,14.569449
877,8.77,3.2167141,5.201856,14.379875,3.3056672,5.112651,14.328947
878,8.78,3.4248016,5.6033883,14.178468,3.5352483,5.5374584,14.129907
879,8.79,3.6528435,6.03723,14.008569,3.7893236,5.995866,13.960903
880,8.8,3.9021192,6.5055056,13.873659,4.0689006,6.481866,13.817251
881,8.81,4.173982,7.0102077,13.777807,4.3361354,7.0249486,13.71742
882,8.82,4.469838,7.5531054,13.725747,4.586022,7.567763,13.675933
883,8.83,4.7911096,8.135617,13.722941,4.8713703,8.183238,13.674418
884,8.84,5.139197,8.758651,13.775657,5.1859355,8.839195,13.721217
885,8.85,5.5154204,9.4224,13.8910055,5.529575,9.530954,13.830098
886,8.86,5.920949,10.126098,14.076983,5.936152,10.166611,14.075888
887,8.87,6.3567076,10.867703,14.342447,6.3453093,10.856751,14.409009
888,8.88,6.8232646,11.643552,14.697044,6.806828,11.658409,14.743304
889,8.89,7.3206897,12.447938,15.151053,7.306478,12.504629,15.1477375
890,8.9,7.8483853,13.27266,15.715102,7.82853,13.345707,15.678481
891,8.91,8.404893,14.106554,16.399742,8.378752,14.124186,16.374468
892,8.92,8.987665,14.935037,17.214823,8.9487295,14.888811,17.24099
893,8.93,9.592831,15.739745,18.168655,9.548279,15.655633,18.216822
894,8.94,10.214948,16.498337,19.266943,10.161824,16.383045,19.328993
895,8.95,10.846774,17.18457,20.511484,10.783173,17.047243,20.579308
896,8.96,11.479091,17.768803,21.898706,11.4124565,17.63973,21.939411
897,8.97,12.100608,18.219013,23.41818,12.034122,18.115484,23.434952
898,8.98,12.698013,18.502455,25.051264,12.645508,18.386562,25.08536
899,8.99,13.2562,18.587982,26.770164,13.199961,18.45837,26.834923
900,9.0,13.758729,18.448929,28.537746,13.720032,18.315977,28.624107
901,9.01,14.188534,18.066303,30.308346,14.205368,17.930014,30.376831
902,9.02,14.52886,17.4319,32.02982,14.613787,17.273277,32.100018
903,9.03,14.764397,16.550753,33.646828,14.856033,16.37789,33.78229
904,9.04,14.882462,15.442395,35.105125,14.935717,15.285489,35.24172
905,9.05,14.874136,14.140481,36.35626,14.891911,13.955976,36.424484
906,9.06,14.73515,12.690592,37.362038,14.71448,12.526905,37.397045
907,9.07,14.46641,11.146452,38.0979,14.414417,11.020639,38.10723
908,9.08,14.074047,9.56511,38.554688,13.982268,9.453525,38.53879
909,9.09,13.568994,8.00187,38.73846,13.444504,7.903188,38.686695
910,9.1,12.966136,6.505819,38.66855,12.813833,6.4716196,38.609993
911,9.11,12.283174,5.1165447,38.37433,12.174737,5.064302,38.28751
912,9.12,11.539356,3.8624036,37.891354,11.398582,3.7908509,37.762974
913,9.13,10.754238,2.7602837,37.257534,10.601747,2.8379138,37.137875
914,9.14,9.946605,1.8165954,36.509907,9.8478365,1.8658311,36.415897
915,9.15,9.133625,1.0290619,35.68226,9.067316,1.0375178,35.595768
916,9.16,8.330284,0.3888713,34.803658,8.28679,0.36885574,34.713158
917,9.17,7.549076,-0.117168844,33.897877,7.5302076,-0.14822121,33.79262
918,9.18,6.799915,-0.50471914,32.983406,6.8184414,-0.5038354,32.863827
919,9.19,6.090227,-0.79036385,32.07395,6.128863,-0.7833244,31.959196
920,9.2,5.4251575,-0.9904676,31.179125,5.483807,-0.9637906,31.063454
921,9.21,4.8078456,-1.1204035,30.305225,4.8766475,-1.0627773,30.188297
922,9.22,4.239739,-1.1940918,29.45601,4.2803855,-1.0955865,29.34787
923,9.23,3.720901,-1.2237757,28.63336,3.7586262,-1.1459148,28.542017
924,9.24,3.250309,-1.2199692,27.837845,3.2902184,-1.1602154,27.76231
925,9.25,2.8261178,-1.1915162,27.06916,2.8664787,-1.1695025,26.99446
926,9.26,2.4458928,-1.1457181,26.326466,2.486726,-1.1548831,26.253279
927,9.27,2.1068037,-1.088498,25.608627,2.1480792,-1.1231763,25.537912
928,9.28,1.8057855,-1.0245757,24.914377,1.8474295,-1.079927,24.847206
929,9.29,1.5396674,-0.9576433,24.242434,1.5815773,-1.0295763,24.179882
930,9.3,1.3052714,-0.8905292,23.591558,1.3473277,-0.9756152,23.53464
931,9.31,1.0994886,-0.8253482,22.960602,1.1390293,-0.92240113,22.909796
932,9.32,0.9193339,-0.7636333,22.34851,0.95345384,-0.87211746,22.30413
933,9.33,0.7619837,-0.70645183,21.754343,0.7912906,-0.823939,21.717173
934,9.34,0.6248,-0.6545033,21.177248,0.65465766,-0.7803108,21.155989
935,9.35,0.5053438,-0.6082031,20.616472,0.5363079,-0.7406737,20.611782
936,9.36,0.40137935,-0.56775206,20.071342,0.43324238,-0.7053203,20.082596
937,9.37,0.3108726,-0.5331933,19.541252,0.34346157,-0.67455024,19.567867
938,9.38,0.23198481,-0.50445944,19.025654,0.26515394,-0.6485099,19.067078
939,9.39,0.16306226,-0.48141015,18.524052,0.1966942,-0.62723225,18.57977
940,9.4,0.10262429,-0.4638622,18.03599,0.13662225,-0.61067265,18.105513
941,9.41,0.049349703,-0.4516133,17.561045,0.08363824,-0.5987424,17.643929
942,9.42,0.0020624015,-0.4444606,17.098827,0.036588483,-0.5913183,17.194649
943,9.43,-0.040283035,-0.44221485,16.648972,-0.005554147,-0.5882748,16.757336
944,9.44,-0.07861565,-0.44471148,16.211126,-0.04370422,-0.5894907,16.33167
945,9.45,-0.113761954,-0.4518186,15.78497,-0.078674026,-0.59486455,15.917356
946,9.46,-0.14645907,-0.46344322,15.370189,-0.111184545,-0.60431546,15.5141
947,9.47,-0.17736723,-0.47953588,14.966488,-0.14188188,-0.6177984,15.121629
948,9.48,-0.20708135,-0.5000942,14.5735855,-0.1713509,-0.63529676,14.739684
949,9.49,-0.2361419,-0.52516556,14.191215,-0.20011908,-0.6568417,14.368016
950,9.5,-0.265045,-0.5548497,13.8191185,-0.22866994,-0.6825089,14.006391
951,9.51,-0.29425153,-0.5893007,13.457058,-0.25745255,-0.71241385,13.654579
952,9.52,-0.32419604,-0.6287293,13.104803,-0.28689128,-0.7467223,13.312371
953,9.53,-0.35529456,-0.6734054,12.762143,-0.31738824,-0.78565425,12.979566
954,9.54,-0.38795215,-0.72366095,12.428878,-0.34933633,-0.8294819,12.655979
955,9.55,-0.4225701,-0.77989274,12.104827,-0.3831225,-0.8785309,12.341438
956,9.56,-0.45955253,-0.84256685,11.789827,-0.4191386,-0.9331948,12.035791
957,9.57,-0.499313,-0.9122225,11.483736,-0.4577821,-0.9939205,11.738904
958,9.58,-0.5422808,-0.98947775,11.186436,-0.50091547,-1.0693376,11.449565
959,9.59,-0.5889071,-1.0750353,10.897832,-0.5476319,-1.1525444,11.168697
960,9.6,-0.6396716,-1.1696897,10.617865,-0.5983984,-1.2442577,10.896232
961,9.61,-0.69508857,-1.2743341,10.346508,-0.65389067,-1.3454075,10.632125
962,9.62,-0.75571346,-1.3899707,10.08378,-0.71793336,-1.4588451,10.376384
963,9.63,-0.82214993,-1.5177193,9.829747,-0.78782386,-1.5836821,10.129035
964,9.64,-0.8950569,-1.6588286,9.584536,-0.86423177,-1.7210956,9.890164
965,9.65,-0.9751561,-1.8146883,9.348346,-0.94360155,-1.8844686,9.649051
966,9.66,-1.0632402,-1.9868418,9.12146,-1.0048351,-2.0961497,9.373112
967,9.67,-1.1601813,-2.1769996,8.904265,-1.083853,-2.3030746,9.131848
968,9.68,-1.2669398,-2.387055,8.697273,-1.1734746,-2.5312886,8.898005
969,9.69,-1.3845745,-2.6190975,8.501144,-1.2782912,-2.7972395,8.6666565
970,9.7,-1.5142524,-2.8754294,8.316721,-1.4018745,-3.1221638,8.427545
971,9.71,-1.6572595,-3.15858,8.145063,-1.5387244,-3.4775112,8.196423
972,9.72,-1.8150111,-3.4713175,7.987501,-1.700316,-3.82921,8.011942
973,9.73,-1.9890641,-3.8166604,7.845683,-1.8899125,-4.203643,7.8377204
974,9.74,-2.181126,-4.197883,7.7216487,-2.1138062,-4.6054463,7.709195
975,9.75,-2.3930664,-4.618513,7.617908,-2.3630018,-5.039276,7.612207
976,9.76,-2.626924,-5.0823216,7.53754,-2.6126425,-5.4865203,7.5535536
977,9.77,-2.8849137,-5.5932937,7.4843035,-2.8751059,-5.9564977,7.5405436
978,9.78,-3.1694264,-6.155581,7.462777,-3.1771183,-6.511171,7.5103354
979,9.79,-3.483027,-6.773424,7.478512,-3.498101,-7.11836,7.5216484
980,9.8,-3.8284383,-7.451034,7.538209,-3.850711,-7.756812,7.6004906
981,9.81,-4.208517,-8.192419,7.64992,-4.211183,-8.422461,7.783805
982,9.82,-4.62621,-9.0011425,7.8232584,-4.6265583,-9.240101,7.9551744
983,9.83,-5.0844893,-9.879991,8.069619,-5.062346,-10.098759,8.223851
984,9.84,-5.586252,-10.830519,8.402383,-5.547071,-10.985102,8.568989
985,9.85,-6.1341867,-11.852464,8.837079,-6.0786505,-11.944298,9.00627
986,9.86,-6.7305813,-12.942984,9.391465,-6.658704,-12.97706,9.552185
987,9.87,-7.3770747,-14.095714,10.08545,-7.284957,-14.075253,10.22432
988,9.88,-8.074328,-15.299634,10.940779,-7.959174,-15.229344,11.041281
989,9.89,-8.821614,-16.537766,11.980361,-8.691406,-16.419327,12.0251045
990,9.9,-9.616315,-17.78579,13.2271,-9.479044,-17.6348,13.195278
991,9.91,-10.453336,-19.010704,14.702086,-10.3181,-18.846601,14.580312
992,9.92,-11.324465,-20.169813,16.42201,-11.20259,-20.018063,16.197163
993,9.93,-12.217722,-21.210377,18.395763,-12.1223135,-21.101171,18.061426
994,9.94,-13.116788,-22.070435,20.62031,-13.062429,-22.037085,20.180725
995,9.95,-14.0006485,-22.6813,23.076225,-13.962875,-22.711193,22.581987
996,9.96,-14.843607,-22.972227,25.723549,-14.751148,-23.037224,25.302727
997,9.97,-15.615852,-22.877386,28.499033,-15.457645,-23.105034,28.031536
998,9.98,-16.284739,-22.344757,31.316061,-16.07434,-22.561668,30.990982
